sensor_type,prediction,timestamp,ldr_value,voltage,resistance,ambient_light,status,note
light,0,2025-11-25 05:12:32,777.42,3.594,4652.18,372.0,,detected:light;fuzzy_syn:timestamp->timestamp_ms;alias_exact:ldr_value->ldr_value;match_expected:voltage->voltage;match_expected:resistance->resistance;alias_exact:ambient_light->ambient_light;no_map:status;predict_ok
light,0,2025-11-25 05:16:24,277.92,1.829,10833.85,79.2,,detected:light;fuzzy_syn:timestamp->timestamp_ms;alias_exact:ldr_value->ldr_value;match_expected:voltage->voltage;match_expected:resistance->resistance;alias_exact:ambient_light->ambient_light;no_map:status;predict_ok
light,0,2025-11-25 05:15:16,437.42,1.631,10486.67,79.4,,detected:light;fuzzy_syn:timestamp->timestamp_ms;alias_exact:ldr_value->ldr_value;match_expected:voltage->voltage;match_expected:resistance->resistance;alias_exact:ambient_light->ambient_light;no_map:status;predict_ok
light,1,2025-11-25 05:13:52,614.03,3.203,4859.76,312.0,,detected:light;fuzzy_syn:timestamp->timestamp_ms;alias_exact:ldr_value->ldr_value;match_expected:voltage->voltage;match_expected:resistance->resistance;alias_exact:ambient_light->ambient_light;no_map:status;predict_ok
light,1,2025-11-25 05:10:56,655.39,3.575,4713.32,317.3,,detected:light;fuzzy_syn:timestamp->timestamp_ms;alias_exact:ldr_value->ldr_value;match_expected:voltage->voltage;match_expected:resistance->resistance;alias_exact:ambient_light->ambient_light;no_map:status;predict_ok
light,0,2025-11-25 05:16:00,254.56,1.891,10934.84,163.9,,detected:light;fuzzy_syn:timestamp->timestamp_ms;alias_exact:ldr_value->ldr_value;match_expected:voltage->voltage;match_expected:resistance->resistance;alias_exact:ambient_light->ambient_light;no_map:status;predict_ok
light,0,2025-11-25 05:12:28,651.48,3.091,4240.84,330.0,,detected:light;fuzzy_syn:timestamp->timestamp_ms;alias_exact:ldr_value->ldr_value;match_expected:voltage->voltage;match_expected:resistance->resistance;alias_exact:ambient_light->ambient_light;no_map:status;predict_ok
light,0,2025-11-25 05:16:58,471.83,2.3,8072.05,104.1,,detected:light;fuzzy_syn:timestamp->timestamp_ms;alias_exact:ldr_value->ldr_value;match_expected:voltage->voltage;match_expected:resistance->resistance;alias_exact:ambient_light->ambient_light;no_map:status;predict_ok
light,0,2025-11-25 05:11:42,772.28,3.491,4295.03,352.4,,detected:light;fuzzy_syn:timestamp->timestamp_ms;alias_exact:ldr_value->ldr_value;match_expected:voltage->voltage;match_expected:resistance->resistance;alias_exact:ambient_light->ambient_light;no_map:status;predict_ok
light,0,2025-11-25 05:16:04,406.62,2.572,11572.05,81.2,,detected:light;fuzzy_syn:timestamp->timestamp_ms;alias_exact:ldr_value->ldr_value;match_expected:voltage->voltage;match_expected:resistance->resistance;alias_exact:ambient_light->ambient_light;no_map:status;predict_ok
light,0,2025-11-25 05:15:24,439.93,2.752,9878.03,140.9,,detected:light;fuzzy_syn:timestamp->timestamp_ms;alias_exact:ldr_value->ldr_value;match_expected:voltage->voltage;match_expected:resistance->resistance;alias_exact:ambient_light->ambient_light;no_map:status;predict_ok
light,0,2025-11-25 05:15:06,206.05,2.565,8582.04,172.7,,detected:light;fuzzy_syn:timestamp->timestamp_ms;alias_exact:ldr_value->ldr_value;match_expected:voltage->voltage;match_expected:resistance->resistance;alias_exact:ambient_light->ambient_light;no_map:status;predict_ok
light,0,2025-11-25 05:13:26,623.27,3.327,4978.95,286.3,,detected:light;fuzzy_syn:timestamp->timestamp_ms;alias_exact:ldr_value->ldr_value;match_expected:voltage->voltage;match_expected:resistance->resistance;alias_exact:ambient_light->ambient_light;no_map:status;predict_ok
light,0,2025-11-25 05:17:16,311.47,2.542,8134.98,167.0,,detected:light;fuzzy_syn:timestamp->timestamp_ms;alias_exact:ldr_value->ldr_value;match_expected:voltage->voltage;match_expected:resistance->resistance;alias_exact:ambient_light->ambient_light;no_map:status;predict_ok
light,0,2025-11-25 05:16:20,225.74,2.772,7827.1,187.3,,detected:light;fuzzy_syn:timestamp->timestamp_ms;alias_exact:ldr_value->ldr_value;match_expected:voltage->voltage;match_expected:resistance->resistance;alias_exact:ambient_light->ambient_light;no_map:status;predict_ok
light,0,2025-11-25 05:10:58,636.27,3.24,4437.54,328.3,,detected:light;fuzzy_syn:timestamp->timestamp_ms;alias_exact:ldr_value->ldr_value;match_expected:voltage->voltage;match_expected:resistance->resistance;alias_exact:ambient_light->ambient_light;no_map:status;predict_ok
light,0,2025-11-25 05:15:32,481.28,2.778,10678.58,81.9,,detected:light;fuzzy_syn:timestamp->timestamp_ms;alias_exact:ldr_value->ldr_value;match_expected:voltage->voltage;match_expected:resistance->resistance;alias_exact:ambient_light->ambient_light;no_map:status;predict_ok
light,0,2025-11-25 05:15:46,459.17,1.972,7237.26,115.1,,detected:light;fuzzy_syn:timestamp->timestamp_ms;alias_exact:ldr_value->ldr_value;match_expected:voltage->voltage;match_expected:resistance->resistance;alias_exact:ambient_light->ambient_light;no_map:status;predict_ok
light,0,2025-11-25 05:16:38,342.14,1.692,8745.71,190.4,,detected:light;fuzzy_syn:timestamp->timestamp_ms;alias_exact:ldr_value->ldr_value;match_expected:voltage->voltage;match_expected:resistance->resistance;alias_exact:ambient_light->ambient_light;no_map:status;predict_ok
light,0,2025-11-25 05:13:34,702.67,3.13,4006.46,367.8,,detected:light;fuzzy_syn:timestamp->timestamp_ms;alias_exact:ldr_value->ldr_value;match_expected:voltage->voltage;match_expected:resistance->resistance;alias_exact:ambient_light->ambient_light;no_map:status;predict_ok
light,0,2025-11-25 05:17:02,235.7,2.258,10112.93,120.2,,detected:light;fuzzy_syn:timestamp->timestamp_ms;alias_exact:ldr_value->ldr_value;match_expected:voltage->voltage;match_expected:resistance->resistance;alias_exact:ambient_light->ambient_light;no_map:status;predict_ok
light,0,2025-11-25 05:11:52,793.9,3.292,5234.04,306.6,,detected:light;fuzzy_syn:timestamp->timestamp_ms;alias_exact:ldr_value->ldr_value;match_expected:voltage->voltage;match_expected:resistance->resistance;alias_exact:ambient_light->ambient_light;no_map:status;predict_ok
light,1,2025-11-25 05:10:52,639.28,3.008,5825.05,361.2,,detected:light;fuzzy_syn:timestamp->timestamp_ms;alias_exact:ldr_value->ldr_value;match_expected:voltage->voltage;match_expected:resistance->resistance;alias_exact:ambient_light->ambient_light;no_map:status;predict_ok
light,0,2025-11-25 05:13:06,609.87,3.101,5562.6,273.3,,detected:light;fuzzy_syn:timestamp->timestamp_ms;alias_exact:ldr_value->ldr_value;match_expected:voltage->voltage;match_expected:resistance->resistance;alias_exact:ambient_light->ambient_light;no_map:status;predict_ok
light,0,2025-11-25 05:14:34,749.58,3.001,5881.93,270.2,,detected:light;fuzzy_syn:timestamp->timestamp_ms;alias_exact:ldr_value->ldr_value;match_expected:voltage->voltage;match_expected:resistance->resistance;alias_exact:ambient_light->ambient_light;no_map:status;predict_ok
light,0,2025-11-25 05:11:12,784.42,3.492,5841.65,290.0,,detected:light;fuzzy_syn:timestamp->timestamp_ms;alias_exact:ldr_value->ldr_value;match_expected:voltage->voltage;match_expected:resistance->resistance;alias_exact:ambient_light->ambient_light;no_map:status;predict_ok
light,1,2025-11-25 05:14:04,744.9,3.525,4575.98,265.7,,detected:light;fuzzy_syn:timestamp->timestamp_ms;alias_exact:ldr_value->ldr_value;match_expected:voltage->voltage;match_expected:resistance->resistance;alias_exact:ambient_light->ambient_light;no_map:status;predict_ok
light,1,2025-11-25 05:13:36,723.57,3.387,5407.96,310.1,,detected:light;fuzzy_syn:timestamp->timestamp_ms;alias_exact:ldr_value->ldr_value;match_expected:voltage->voltage;match_expected:resistance->resistance;alias_exact:ambient_light->ambient_light;no_map:status;predict_ok
light,0,2025-11-25 05:15:20,487.87,1.88,9037.54,142.2,,detected:light;fuzzy_syn:timestamp->timestamp_ms;alias_exact:ldr_value->ldr_value;match_expected:voltage->voltage;match_expected:resistance->resistance;alias_exact:ambient_light->ambient_light;no_map:status;predict_ok
light,0,2025-11-25 05:14:26,714.44,3.453,4015.29,360.0,,detected:light;fuzzy_syn:timestamp->timestamp_ms;alias_exact:ldr_value->ldr_value;match_expected:voltage->voltage;match_expected:resistance->resistance;alias_exact:ambient_light->ambient_light;no_map:status;predict_ok
light,0,2025-11-25 05:12:40,613.11,3.106,5735.2,311.5,,detected:light;fuzzy_syn:timestamp->timestamp_ms;alias_exact:ldr_value->ldr_value;match_expected:voltage->voltage;match_expected:resistance->resistance;alias_exact:ambient_light->ambient_light;no_map:status;predict_ok
light,0,2025-11-25 05:12:18,640.26,3.543,5828.93,268.3,,detected:light;fuzzy_syn:timestamp->timestamp_ms;alias_exact:ldr_value->ldr_value;match_expected:voltage->voltage;match_expected:resistance->resistance;alias_exact:ambient_light->ambient_light;no_map:status;predict_ok
light,1,2025-11-25 05:10:46,676.5,3.233,5347.19,281.4,,detected:light;fuzzy_syn:timestamp->timestamp_ms;alias_exact:ldr_value->ldr_value;match_expected:voltage->voltage;match_expected:resistance->resistance;alias_exact:ambient_light->ambient_light;no_map:status;predict_ok
light,0,2025-11-25 05:16:18,299.52,2.419,7566.39,164.2,,detected:light;fuzzy_syn:timestamp->timestamp_ms;alias_exact:ldr_value->ldr_value;match_expected:voltage->voltage;match_expected:resistance->resistance;alias_exact:ambient_light->ambient_light;no_map:status;predict_ok
light,0,2025-11-25 05:11:54,777.2,3.173,5447.83,285.4,,detected:light;fuzzy_syn:timestamp->timestamp_ms;alias_exact:ldr_value->ldr_value;match_expected:voltage->voltage;match_expected:resistance->resistance;alias_exact:ambient_light->ambient_light;no_map:status;predict_ok
light,0,2025-11-25 05:13:48,646.19,3.595,4479.64,384.8,,detected:light;fuzzy_syn:timestamp->timestamp_ms;alias_exact:ldr_value->ldr_value;match_expected:voltage->voltage;match_expected:resistance->resistance;alias_exact:ambient_light->ambient_light;no_map:status;predict_ok
light,0,2025-11-25 05:12:00,639.73,3.561,5634.65,292.6,,detected:light;fuzzy_syn:timestamp->timestamp_ms;alias_exact:ldr_value->ldr_value;match_expected:voltage->voltage;match_expected:resistance->resistance;alias_exact:ambient_light->ambient_light;no_map:status;predict_ok
light,0,2025-11-25 05:11:56,718.43,3.51,4867.54,354.1,,detected:light;fuzzy_syn:timestamp->timestamp_ms;alias_exact:ldr_value->ldr_value;match_expected:voltage->voltage;match_expected:resistance->resistance;alias_exact:ambient_light->ambient_light;no_map:status;predict_ok
light,0,2025-11-25 05:12:12,763.4,3.268,5419.56,392.7,,detected:light;fuzzy_syn:timestamp->timestamp_ms;alias_exact:ldr_value->ldr_value;match_expected:voltage->voltage;match_expected:resistance->resistance;alias_exact:ambient_light->ambient_light;no_map:status;predict_ok
light,0,2025-11-25 05:17:10,321.0,2.041,11603.89,135.7,,detected:light;fuzzy_syn:timestamp->timestamp_ms;alias_exact:ldr_value->ldr_value;match_expected:voltage->voltage;match_expected:resistance->resistance;alias_exact:ambient_light->ambient_light;no_map:status;predict_ok
light,0,2025-11-25 05:11:30,647.63,3.121,4543.57,387.4,,detected:light;fuzzy_syn:timestamp->timestamp_ms;alias_exact:ldr_value->ldr_value;match_expected:voltage->voltage;match_expected:resistance->resistance;alias_exact:ambient_light->ambient_light;no_map:status;predict_ok
light,0,2025-11-25 05:12:46,768.68,3.027,5133.84,399.2,,detected:light;fuzzy_syn:timestamp->timestamp_ms;alias_exact:ldr_value->ldr_value;match_expected:voltage->voltage;match_expected:resistance->resistance;alias_exact:ambient_light->ambient_light;no_map:status;predict_ok
light,0,2025-11-25 05:16:12,265.45,2.381,7735.36,111.9,,detected:light;fuzzy_syn:timestamp->timestamp_ms;alias_exact:ldr_value->ldr_value;match_expected:voltage->voltage;match_expected:resistance->resistance;alias_exact:ambient_light->ambient_light;no_map:status;predict_ok
light,1,2025-11-25 05:14:46,646.48,3.474,5833.15,323.5,,detected:light;fuzzy_syn:timestamp->timestamp_ms;alias_exact:ldr_value->ldr_value;match_expected:voltage->voltage;match_expected:resistance->resistance;alias_exact:ambient_light->ambient_light;no_map:status;predict_ok
light,0,2025-11-25 05:10:48,646.98,3.535,4446.92,308.1,,detected:light;fuzzy_syn:timestamp->timestamp_ms;alias_exact:ldr_value->ldr_value;match_expected:voltage->voltage;match_expected:resistance->resistance;alias_exact:ambient_light->ambient_light;no_map:status;predict_ok
light,0,2025-11-25 05:11:20,775.9,3.322,5898.64,376.3,,detected:light;fuzzy_syn:timestamp->timestamp_ms;alias_exact:ldr_value->ldr_value;match_expected:voltage->voltage;match_expected:resistance->resistance;alias_exact:ambient_light->ambient_light;no_map:status;predict_ok
light,1,2025-11-25 05:10:44,745.4,3.509,5629.45,284.6,,detected:light;fuzzy_syn:timestamp->timestamp_ms;alias_exact:ldr_value->ldr_value;match_expected:voltage->voltage;match_expected:resistance->resistance;alias_exact:ambient_light->ambient_light;no_map:status;predict_ok
light,0,2025-11-25 05:15:48,365.01,2.193,8344.67,140.7,,detected:light;fuzzy_syn:timestamp->timestamp_ms;alias_exact:ldr_value->ldr_value;match_expected:voltage->voltage;match_expected:resistance->resistance;alias_exact:ambient_light->ambient_light;no_map:status;predict_ok
light,0,2025-11-25 05:16:44,263.32,2.491,11109.98,148.1,,detected:light;fuzzy_syn:timestamp->timestamp_ms;alias_exact:ldr_value->ldr_value;match_expected:voltage->voltage;match_expected:resistance->resistance;alias_exact:ambient_light->ambient_light;no_map:status;predict_ok
light,0,2025-11-25 05:10:42,774.57,3.112,4821.38,342.0,,detected:light;fuzzy_syn:timestamp->timestamp_ms;alias_exact:ldr_value->ldr_value;match_expected:voltage->voltage;match_expected:resistance->resistance;alias_exact:ambient_light->ambient_light;no_map:status;predict_ok
light,0,2025-11-25 05:13:58,739.87,3.32,5492.95,353.7,,detected:light;fuzzy_syn:timestamp->timestamp_ms;alias_exact:ldr_value->ldr_value;match_expected:voltage->voltage;match_expected:resistance->resistance;alias_exact:ambient_light->ambient_light;no_map:status;predict_ok
light,0,2025-11-25 05:11:22,613.64,3.391,5870.35,284.1,,detected:light;fuzzy_syn:timestamp->timestamp_ms;alias_exact:ldr_value->ldr_value;match_expected:voltage->voltage;match_expected:resistance->resistance;alias_exact:ambient_light->ambient_light;no_map:status;predict_ok
light,1,2025-11-25 05:13:46,618.7,3.057,4945.58,357.8,,detected:light;fuzzy_syn:timestamp->timestamp_ms;alias_exact:ldr_value->ldr_value;match_expected:voltage->voltage;match_expected:resistance->resistance;alias_exact:ambient_light->ambient_light;no_map:status;predict_ok
light,1,2025-11-25 05:11:08,713.49,3.06,5038.73,282.5,,detected:light;fuzzy_syn:timestamp->timestamp_ms;alias_exact:ldr_value->ldr_value;match_expected:voltage->voltage;match_expected:resistance->resistance;alias_exact:ambient_light->ambient_light;no_map:status;predict_ok
light,1,2025-11-25 05:14:02,707.1,3.538,4170.19,261.1,,detected:light;fuzzy_syn:timestamp->timestamp_ms;alias_exact:ldr_value->ldr_value;match_expected:voltage->voltage;match_expected:resistance->resistance;alias_exact:ambient_light->ambient_light;no_map:status;predict_ok
light,0,2025-11-25 05:16:48,253.17,2.566,9635.53,140.2,,detected:light;fuzzy_syn:timestamp->timestamp_ms;alias_exact:ldr_value->ldr_value;match_expected:voltage->voltage;match_expected:resistance->resistance;alias_exact:ambient_light->ambient_light;no_map:status;predict_ok
light,0,2025-11-25 05:16:42,449.74,2.373,9986.28,134.3,,detected:light;fuzzy_syn:timestamp->timestamp_ms;alias_exact:ldr_value->ldr_value;match_expected:voltage->voltage;match_expected:resistance->resistance;alias_exact:ambient_light->ambient_light;no_map:status;predict_ok
light,0,2025-11-25 05:11:10,755.23,3.425,5845.79,289.7,,detected:light;fuzzy_syn:timestamp->timestamp_ms;alias_exact:ldr_value->ldr_value;match_expected:voltage->voltage;match_expected:resistance->resistance;alias_exact:ambient_light->ambient_light;no_map:status;predict_ok
light,0,2025-11-25 05:13:02,763.26,3.033,4088.71,388.6,,detected:light;fuzzy_syn:timestamp->timestamp_ms;alias_exact:ldr_value->ldr_value;match_expected:voltage->voltage;match_expected:resistance->resistance;alias_exact:ambient_light->ambient_light;no_map:status;predict_ok
light,0,2025-11-25 05:10:50,717.8,3.43,4768.89,252.7,,detected:light;fuzzy_syn:timestamp->timestamp_ms;alias_exact:ldr_value->ldr_value;match_expected:voltage->voltage;match_expected:resistance->resistance;alias_exact:ambient_light->ambient_light;no_map:status;predict_ok
light,0,2025-11-25 05:16:50,383.21,1.956,9415.04,60.8,,detected:light;fuzzy_syn:timestamp->timestamp_ms;alias_exact:ldr_value->ldr_value;match_expected:voltage->voltage;match_expected:resistance->resistance;alias_exact:ambient_light->ambient_light;no_map:status;predict_ok
light,0,2025-11-25 05:17:18,416.24,1.675,8154.87,195.3,,detected:light;fuzzy_syn:timestamp->timestamp_ms;alias_exact:ldr_value->ldr_value;match_expected:voltage->voltage;match_expected:resistance->resistance;alias_exact:ambient_light->ambient_light;no_map:status;predict_ok
light,0,2025-11-25 05:15:50,494.53,1.588,10442.94,50.4,,detected:light;fuzzy_syn:timestamp->timestamp_ms;alias_exact:ldr_value->ldr_value;match_expected:voltage->voltage;match_expected:resistance->resistance;alias_exact:ambient_light->ambient_light;no_map:status;predict_ok
light,0,2025-11-25 05:12:04,663.23,3.258,4757.06,348.5,,detected:light;fuzzy_syn:timestamp->timestamp_ms;alias_exact:ldr_value->ldr_value;match_expected:voltage->voltage;match_expected:resistance->resistance;alias_exact:ambient_light->ambient_light;no_map:status;predict_ok
light,0,2025-11-25 05:11:14,776.82,3.206,4722.68,350.4,,detected:light;fuzzy_syn:timestamp->timestamp_ms;alias_exact:ldr_value->ldr_value;match_expected:voltage->voltage;match_expected:resistance->resistance;alias_exact:ambient_light->ambient_light;no_map:status;predict_ok
light,0,2025-11-25 05:11:40,732.45,3.452,4312.61,354.4,,detected:light;fuzzy_syn:timestamp->timestamp_ms;alias_exact:ldr_value->ldr_value;match_expected:voltage->voltage;match_expected:resistance->resistance;alias_exact:ambient_light->ambient_light;no_map:status;predict_ok
light,0,2025-11-25 05:14:52,662.71,3.17,4942.56,393.1,,detected:light;fuzzy_syn:timestamp->timestamp_ms;alias_exact:ldr_value->ldr_value;match_expected:voltage->voltage;match_expected:resistance->resistance;alias_exact:ambient_light->ambient_light;no_map:status;predict_ok
light,0,2025-11-25 05:14:54,693.67,3.243,5175.28,252.0,,detected:light;fuzzy_syn:timestamp->timestamp_ms;alias_exact:ldr_value->ldr_value;match_expected:voltage->voltage;match_expected:resistance->resistance;alias_exact:ambient_light->ambient_light;no_map:status;predict_ok
light,0,2025-11-25 05:16:30,480.74,2.357,8434.46,83.7,,detected:light;fuzzy_syn:timestamp->timestamp_ms;alias_exact:ldr_value->ldr_value;match_expected:voltage->voltage;match_expected:resistance->resistance;alias_exact:ambient_light->ambient_light;no_map:status;predict_ok
light,0,2025-11-25 05:13:24,697.13,3.51,4990.55,368.2,,detected:light;fuzzy_syn:timestamp->timestamp_ms;alias_exact:ldr_value->ldr_value;match_expected:voltage->voltage;match_expected:resistance->resistance;alias_exact:ambient_light->ambient_light;no_map:status;predict_ok
light,0,2025-11-25 05:14:00,646.54,3.487,4706.07,316.5,,detected:light;fuzzy_syn:timestamp->timestamp_ms;alias_exact:ldr_value->ldr_value;match_expected:voltage->voltage;match_expected:resistance->resistance;alias_exact:ambient_light->ambient_light;no_map:status;predict_ok
light,0,2025-11-25 05:15:00,648.04,3.023,4314.52,265.4,,detected:light;fuzzy_syn:timestamp->timestamp_ms;alias_exact:ldr_value->ldr_value;match_expected:voltage->voltage;match_expected:resistance->resistance;alias_exact:ambient_light->ambient_light;no_map:status;predict_ok
light,0,2025-11-25 05:13:20,670.73,3.156,5101.95,388.1,,detected:light;fuzzy_syn:timestamp->timestamp_ms;alias_exact:ldr_value->ldr_value;match_expected:voltage->voltage;match_expected:resistance->resistance;alias_exact:ambient_light->ambient_light;no_map:status;predict_ok
light,0,2025-11-25 05:14:42,785.69,3.288,5108.59,261.4,,detected:light;fuzzy_syn:timestamp->timestamp_ms;alias_exact:ldr_value->ldr_value;match_expected:voltage->voltage;match_expected:resistance->resistance;alias_exact:ambient_light->ambient_light;no_map:status;predict_ok
light,0,2025-11-25 05:11:16,606.24,3.559,5763.41,250.3,,detected:light;fuzzy_syn:timestamp->timestamp_ms;alias_exact:ldr_value->ldr_value;match_expected:voltage->voltage;match_expected:resistance->resistance;alias_exact:ambient_light->ambient_light;no_map:status;predict_ok
light,0,2025-11-25 05:16:36,211.15,1.769,11188.09,58.1,,detected:light;fuzzy_syn:timestamp->timestamp_ms;alias_exact:ldr_value->ldr_value;match_expected:voltage->voltage;match_expected:resistance->resistance;alias_exact:ambient_light->ambient_light;no_map:status;predict_ok
light,0,2025-11-25 05:15:14,269.5,1.923,9706.13,73.7,,detected:light;fuzzy_syn:timestamp->timestamp_ms;alias_exact:ldr_value->ldr_value;match_expected:voltage->voltage;match_expected:resistance->resistance;alias_exact:ambient_light->ambient_light;no_map:status;predict_ok
light,0,2025-11-25 05:15:54,426.55,2.481,10516.58,127.6,,detected:light;fuzzy_syn:timestamp->timestamp_ms;alias_exact:ldr_value->ldr_value;match_expected:voltage->voltage;match_expected:resistance->resistance;alias_exact:ambient_light->ambient_light;no_map:status;predict_ok
light,1,2025-11-25 05:12:02,640.97,3.218,5867.83,345.6,,detected:light;fuzzy_syn:timestamp->timestamp_ms;alias_exact:ldr_value->ldr_value;match_expected:voltage->voltage;match_expected:resistance->resistance;alias_exact:ambient_light->ambient_light;no_map:status;predict_ok
light,0,2025-11-25 05:14:44,708.52,3.142,5193.01,395.5,,detected:light;fuzzy_syn:timestamp->timestamp_ms;alias_exact:ldr_value->ldr_value;match_expected:voltage->voltage;match_expected:resistance->resistance;alias_exact:ambient_light->ambient_light;no_map:status;predict_ok
light,0,2025-11-25 05:12:30,739.18,3.276,4478.2,350.6,,detected:light;fuzzy_syn:timestamp->timestamp_ms;alias_exact:ldr_value->ldr_value;match_expected:voltage->voltage;match_expected:resistance->resistance;alias_exact:ambient_light->ambient_light;no_map:status;predict_ok
light,0,2025-11-25 05:16:34,270.89,2.241,7542.1,150.8,,detected:light;fuzzy_syn:timestamp->timestamp_ms;alias_exact:ldr_value->ldr_value;match_expected:voltage->voltage;match_expected:resistance->resistance;alias_exact:ambient_light->ambient_light;no_map:status;predict_ok
light,0,2025-11-25 05:14:30,702.0,3.37,4186.41,368.5,,detected:light;fuzzy_syn:timestamp->timestamp_ms;alias_exact:ldr_value->ldr_value;match_expected:voltage->voltage;match_expected:resistance->resistance;alias_exact:ambient_light->ambient_light;no_map:status;predict_ok
light,0,2025-11-25 05:14:14,707.19,3.316,4064.65,300.6,,detected:light;fuzzy_syn:timestamp->timestamp_ms;alias_exact:ldr_value->ldr_value;match_expected:voltage->voltage;match_expected:resistance->resistance;alias_exact:ambient_light->ambient_light;no_map:status;predict_ok
light,0,2025-11-25 05:13:18,683.39,3.442,4577.42,360.3,,detected:light;fuzzy_syn:timestamp->timestamp_ms;alias_exact:ldr_value->ldr_value;match_expected:voltage->voltage;match_expected:resistance->resistance;alias_exact:ambient_light->ambient_light;no_map:status;predict_ok
light,0,2025-11-25 05:15:12,263.22,1.512,8667.96,146.8,,detected:light;fuzzy_syn:timestamp->timestamp_ms;alias_exact:ldr_value->ldr_value;match_expected:voltage->voltage;match_expected:resistance->resistance;alias_exact:ambient_light->ambient_light;no_map:status;predict_ok
light,0,2025-11-25 05:16:52,398.95,1.79,9432.61,93.2,,detected:light;fuzzy_syn:timestamp->timestamp_ms;alias_exact:ldr_value->ldr_value;match_expected:voltage->voltage;match_expected:resistance->resistance;alias_exact:ambient_light->ambient_light;no_map:status;predict_ok
light,0,2025-11-25 05:13:30,639.91,3.554,4471.17,356.3,,detected:light;fuzzy_syn:timestamp->timestamp_ms;alias_exact:ldr_value->ldr_value;match_expected:voltage->voltage;match_expected:resistance->resistance;alias_exact:ambient_light->ambient_light;no_map:status;predict_ok
light,0,2025-11-25 05:13:38,637.74,3.269,5246.96,274.4,,detected:light;fuzzy_syn:timestamp->timestamp_ms;alias_exact:ldr_value->ldr_value;match_expected:voltage->voltage;match_expected:resistance->resistance;alias_exact:ambient_light->ambient_light;no_map:status;predict_ok
light,0,2025-11-25 05:12:54,623.82,3.479,4633.37,394.6,,detected:light;fuzzy_syn:timestamp->timestamp_ms;alias_exact:ldr_value->ldr_value;match_expected:voltage->voltage;match_expected:resistance->resistance;alias_exact:ambient_light->ambient_light;no_map:status;predict_ok
light,0,2025-11-25 05:15:40,250.68,2.025,9352.06,198.6,,detected:light;fuzzy_syn:timestamp->timestamp_ms;alias_exact:ldr_value->ldr_value;match_expected:voltage->voltage;match_expected:resistance->resistance;alias_exact:ambient_light->ambient_light;no_map:status;predict_ok
light,0,2025-11-25 05:13:04,640.71,3.157,5639.32,377.9,,detected:light;fuzzy_syn:timestamp->timestamp_ms;alias_exact:ldr_value->ldr_value;match_expected:voltage->voltage;match_expected:resistance->resistance;alias_exact:ambient_light->ambient_light;no_map:status;predict_ok
light,0,2025-11-25 05:15:52,277.45,1.747,11992.97,167.5,,detected:light;fuzzy_syn:timestamp->timestamp_ms;alias_exact:ldr_value->ldr_value;match_expected:voltage->voltage;match_expected:resistance->resistance;alias_exact:ambient_light->ambient_light;no_map:status;predict_ok
light,1,2025-11-25 05:12:06,732.89,3.275,5011.29,275.4,,detected:light;fuzzy_syn:timestamp->timestamp_ms;alias_exact:ldr_value->ldr_value;match_expected:voltage->voltage;match_expected:resistance->resistance;alias_exact:ambient_light->ambient_light;no_map:status;predict_ok
light,0,2025-11-25 05:14:56,737.5,3.292,4916.2,378.2,,detected:light;fuzzy_syn:timestamp->timestamp_ms;alias_exact:ldr_value->ldr_value;match_expected:voltage->voltage;match_expected:resistance->resistance;alias_exact:ambient_light->ambient_light;no_map:status;predict_ok
light,0,2025-11-25 05:17:14,284.79,1.505,9546.17,133.1,,detected:light;fuzzy_syn:timestamp->timestamp_ms;alias_exact:ldr_value->ldr_value;match_expected:voltage->voltage;match_expected:resistance->resistance;alias_exact:ambient_light->ambient_light;no_map:status;predict_ok
light,0,2025-11-25 05:16:10,478.15,1.941,11838.93,105.8,,detected:light;fuzzy_syn:timestamp->timestamp_ms;alias_exact:ldr_value->ldr_value;match_expected:voltage->voltage;match_expected:resistance->resistance;alias_exact:ambient_light->ambient_light;no_map:status;predict_ok
light,0,2025-11-25 05:12:42,782.43,3.056,5591.22,287.3,,detected:light;fuzzy_syn:timestamp->timestamp_ms;alias_exact:ldr_value->ldr_value;match_expected:voltage->voltage;match_expected:resistance->resistance;alias_exact:ambient_light->ambient_light;no_map:status;predict_ok
light,0,2025-11-25 05:16:16,252.06,2.696,7715.78,80.0,,detected:light;fuzzy_syn:timestamp->timestamp_ms;alias_exact:ldr_value->ldr_value;match_expected:voltage->voltage;match_expected:resistance->resistance;alias_exact:ambient_light->ambient_light;no_map:status;predict_ok
light,0,2025-11-25 05:15:44,478.87,2.631,10109.88,195.7,,detected:light;fuzzy_syn:timestamp->timestamp_ms;alias_exact:ldr_value->ldr_value;match_expected:voltage->voltage;match_expected:resistance->resistance;alias_exact:ambient_light->ambient_light;no_map:status;predict_ok
light,0,2025-11-25 05:16:32,277.28,1.574,11812.5,121.4,,detected:light;fuzzy_syn:timestamp->timestamp_ms;alias_exact:ldr_value->ldr_value;match_expected:voltage->voltage;match_expected:resistance->resistance;alias_exact:ambient_light->ambient_light;no_map:status;predict_ok
light,0,2025-11-25 05:11:04,737.99,3.21,4705.39,360.9,,detected:light;fuzzy_syn:timestamp->timestamp_ms;alias_exact:ldr_value->ldr_value;match_expected:voltage->voltage;match_expected:resistance->resistance;alias_exact:ambient_light->ambient_light;no_map:status;predict_ok
light,0,2025-11-25 05:14:18,635.39,3.447,4265.71,281.3,,detected:light;fuzzy_syn:timestamp->timestamp_ms;alias_exact:ldr_value->ldr_value;match_expected:voltage->voltage;match_expected:resistance->resistance;alias_exact:ambient_light->ambient_light;no_map:status;predict_ok
light,0,2025-11-25 05:14:08,702.56,3.446,5256.59,259.4,,detected:light;fuzzy_syn:timestamp->timestamp_ms;alias_exact:ldr_value->ldr_value;match_expected:voltage->voltage;match_expected:resistance->resistance;alias_exact:ambient_light->ambient_light;no_map:status;predict_ok
light,0,2025-11-25 05:16:46,445.26,2.784,8594.12,192.5,,detected:light;fuzzy_syn:timestamp->timestamp_ms;alias_exact:ldr_value->ldr_value;match_expected:voltage->voltage;match_expected:resistance->resistance;alias_exact:ambient_light->ambient_light;no_map:status;predict_ok
light,0,2025-11-25 05:15:08,242.35,1.81,10068.59,97.0,,detected:light;fuzzy_syn:timestamp->timestamp_ms;alias_exact:ldr_value->ldr_value;match_expected:voltage->voltage;match_expected:resistance->resistance;alias_exact:ambient_light->ambient_light;no_map:status;predict_ok
light,0,2025-11-25 05:13:32,759.17,3.067,4289.76,379.5,,detected:light;fuzzy_syn:timestamp->timestamp_ms;alias_exact:ldr_value->ldr_value;match_expected:voltage->voltage;match_expected:resistance->resistance;alias_exact:ambient_light->ambient_light;no_map:status;predict_ok
light,0,2025-11-25 05:12:10,754.42,3.594,5658.71,358.9,,detected:light;fuzzy_syn:timestamp->timestamp_ms;alias_exact:ldr_value->ldr_value;match_expected:voltage->voltage;match_expected:resistance->resistance;alias_exact:ambient_light->ambient_light;no_map:status;predict_ok
light,0,2025-11-25 05:16:40,225.99,2.07,8290.9,138.5,,detected:light;fuzzy_syn:timestamp->timestamp_ms;alias_exact:ldr_value->ldr_value;match_expected:voltage->voltage;match_expected:resistance->resistance;alias_exact:ambient_light->ambient_light;no_map:status;predict_ok
light,0,2025-11-25 05:15:30,296.7,1.782,9453.0,128.8,,detected:light;fuzzy_syn:timestamp->timestamp_ms;alias_exact:ldr_value->ldr_value;match_expected:voltage->voltage;match_expected:resistance->resistance;alias_exact:ambient_light->ambient_light;no_map:status;predict_ok
light,0,2025-11-25 05:11:02,710.04,3.463,5259.84,385.3,,detected:light;fuzzy_syn:timestamp->timestamp_ms;alias_exact:ldr_value->ldr_value;match_expected:voltage->voltage;match_expected:resistance->resistance;alias_exact:ambient_light->ambient_light;no_map:status;predict_ok
light,0,2025-11-25 05:13:44,696.89,3.347,5922.36,258.0,,detected:light;fuzzy_syn:timestamp->timestamp_ms;alias_exact:ldr_value->ldr_value;match_expected:voltage->voltage;match_expected:resistance->resistance;alias_exact:ambient_light->ambient_light;no_map:status;predict_ok
light,1,2025-11-25 05:11:00,679.16,3.325,5983.66,324.8,,detected:light;fuzzy_syn:timestamp->timestamp_ms;alias_exact:ldr_value->ldr_value;match_expected:voltage->voltage;match_expected:resistance->resistance;alias_exact:ambient_light->ambient_light;no_map:status;predict_ok
light,0,2025-11-25 05:11:44,653.39,3.23,5328.11,376.8,,detected:light;fuzzy_syn:timestamp->timestamp_ms;alias_exact:ldr_value->ldr_value;match_expected:voltage->voltage;match_expected:resistance->resistance;alias_exact:ambient_light->ambient_light;no_map:status;predict_ok
light,1,2025-11-25 05:14:22,664.56,3.402,5593.23,350.2,,detected:light;fuzzy_syn:timestamp->timestamp_ms;alias_exact:ldr_value->ldr_value;match_expected:voltage->voltage;match_expected:resistance->resistance;alias_exact:ambient_light->ambient_light;no_map:status;predict_ok
light,0,2025-11-25 05:11:50,724.86,3.05,4551.42,379.9,,detected:light;fuzzy_syn:timestamp->timestamp_ms;alias_exact:ldr_value->ldr_value;match_expected:voltage->voltage;match_expected:resistance->resistance;alias_exact:ambient_light->ambient_light;no_map:status;predict_ok
light,0,2025-11-25 05:15:36,332.02,2.486,9665.65,62.1,,detected:light;fuzzy_syn:timestamp->timestamp_ms;alias_exact:ldr_value->ldr_value;match_expected:voltage->voltage;match_expected:resistance->resistance;alias_exact:ambient_light->ambient_light;no_map:status;predict_ok
light,1,2025-11-25 05:14:48,635.5,3.106,5360.97,349.6,,detected:light;fuzzy_syn:timestamp->timestamp_ms;alias_exact:ldr_value->ldr_value;match_expected:voltage->voltage;match_expected:resistance->resistance;alias_exact:ambient_light->ambient_light;no_map:status;predict_ok
light,0,2025-11-25 05:14:50,736.42,3.293,5886.45,366.8,,detected:light;fuzzy_syn:timestamp->timestamp_ms;alias_exact:ldr_value->ldr_value;match_expected:voltage->voltage;match_expected:resistance->resistance;alias_exact:ambient_light->ambient_light;no_map:status;predict_ok
light,1,2025-11-25 05:12:48,648.08,3.318,5772.64,311.3,,detected:light;fuzzy_syn:timestamp->timestamp_ms;alias_exact:ldr_value->ldr_value;match_expected:voltage->voltage;match_expected:resistance->resistance;alias_exact:ambient_light->ambient_light;no_map:status;predict_ok
light,0,2025-11-25 05:16:54,323.82,2.28,9926.78,188.0,,detected:light;fuzzy_syn:timestamp->timestamp_ms;alias_exact:ldr_value->ldr_value;match_expected:voltage->voltage;match_expected:resistance->resistance;alias_exact:ambient_light->ambient_light;no_map:status;predict_ok
light,0,2025-11-25 05:14:10,627.67,3.225,4916.07,250.9,,detected:light;fuzzy_syn:timestamp->timestamp_ms;alias_exact:ldr_value->ldr_value;match_expected:voltage->voltage;match_expected:resistance->resistance;alias_exact:ambient_light->ambient_light;no_map:status;predict_ok
light,0,2025-11-25 05:17:12,329.16,1.961,8392.59,197.3,,detected:light;fuzzy_syn:timestamp->timestamp_ms;alias_exact:ldr_value->ldr_value;match_expected:voltage->voltage;match_expected:resistance->resistance;alias_exact:ambient_light->ambient_light;no_map:status;predict_ok
light,0,2025-11-25 05:11:36,783.28,3.174,4020.3,350.6,,detected:light;fuzzy_syn:timestamp->timestamp_ms;alias_exact:ldr_value->ldr_value;match_expected:voltage->voltage;match_expected:resistance->resistance;alias_exact:ambient_light->ambient_light;no_map:status;predict_ok
light,0,2025-11-25 05:16:56,322.77,1.592,11586.98,125.0,,detected:light;fuzzy_syn:timestamp->timestamp_ms;alias_exact:ldr_value->ldr_value;match_expected:voltage->voltage;match_expected:resistance->resistance;alias_exact:ambient_light->ambient_light;no_map:status;predict_ok
light,0,2025-11-25 05:12:52,645.76,3.075,5630.77,286.6,,detected:light;fuzzy_syn:timestamp->timestamp_ms;alias_exact:ldr_value->ldr_value;match_expected:voltage->voltage;match_expected:resistance->resistance;alias_exact:ambient_light->ambient_light;no_map:status;predict_ok
light,0,2025-11-25 05:15:22,301.93,2.146,10822.7,180.3,,detected:light;fuzzy_syn:timestamp->timestamp_ms;alias_exact:ldr_value->ldr_value;match_expected:voltage->voltage;match_expected:resistance->resistance;alias_exact:ambient_light->ambient_light;no_map:status;predict_ok
light,0,2025-11-25 05:11:38,679.29,3.146,4088.73,357.3,,detected:light;fuzzy_syn:timestamp->timestamp_ms;alias_exact:ldr_value->ldr_value;match_expected:voltage->voltage;match_expected:resistance->resistance;alias_exact:ambient_light->ambient_light;no_map:status;predict_ok
light,1,2025-11-25 05:14:36,671.64,3.063,4563.85,294.6,,detected:light;fuzzy_syn:timestamp->timestamp_ms;alias_exact:ldr_value->ldr_value;match_expected:voltage->voltage;match_expected:resistance->resistance;alias_exact:ambient_light->ambient_light;no_map:status;predict_ok
light,0,2025-11-25 05:17:04,279.02,1.9,9926.07,138.1,,detected:light;fuzzy_syn:timestamp->timestamp_ms;alias_exact:ldr_value->ldr_value;match_expected:voltage->voltage;match_expected:resistance->resistance;alias_exact:ambient_light->ambient_light;no_map:status;predict_ok
light,1,2025-11-25 05:12:50,688.77,3.35,5162.74,313.2,,detected:light;fuzzy_syn:timestamp->timestamp_ms;alias_exact:ldr_value->ldr_value;match_expected:voltage->voltage;match_expected:resistance->resistance;alias_exact:ambient_light->ambient_light;no_map:status;predict_ok
light,0,2025-11-25 05:10:54,625.59,3.331,5211.58,251.3,,detected:light;fuzzy_syn:timestamp->timestamp_ms;alias_exact:ldr_value->ldr_value;match_expected:voltage->voltage;match_expected:resistance->resistance;alias_exact:ambient_light->ambient_light;no_map:status;predict_ok
light,0,2025-11-25 05:12:58,769.52,3.304,4128.36,345.9,,detected:light;fuzzy_syn:timestamp->timestamp_ms;alias_exact:ldr_value->ldr_value;match_expected:voltage->voltage;match_expected:resistance->resistance;alias_exact:ambient_light->ambient_light;no_map:status;predict_ok
light,1,2025-11-25 05:12:08,639.96,3.443,5939.12,351.5,,detected:light;fuzzy_syn:timestamp->timestamp_ms;alias_exact:ldr_value->ldr_value;match_expected:voltage->voltage;match_expected:resistance->resistance;alias_exact:ambient_light->ambient_light;no_map:status;predict_ok
light,0,2025-11-25 05:14:38,692.01,3.412,4228.48,315.7,,detected:light;fuzzy_syn:timestamp->timestamp_ms;alias_exact:ldr_value->ldr_value;match_expected:voltage->voltage;match_expected:resistance->resistance;alias_exact:ambient_light->ambient_light;no_map:status;predict_ok
light,1,2025-11-25 05:11:58,747.97,3.359,5082.72,302.6,,detected:light;fuzzy_syn:timestamp->timestamp_ms;alias_exact:ldr_value->ldr_value;match_expected:voltage->voltage;match_expected:resistance->resistance;alias_exact:ambient_light->ambient_light;no_map:status;predict_ok
light,1,2025-11-25 05:11:26,740.42,3.51,4619.6,257.5,,detected:light;fuzzy_syn:timestamp->timestamp_ms;alias_exact:ldr_value->ldr_value;match_expected:voltage->voltage;match_expected:resistance->resistance;alias_exact:ambient_light->ambient_light;no_map:status;predict_ok
light,0,2025-11-25 05:15:10,212.2,1.831,10119.08,191.9,,detected:light;fuzzy_syn:timestamp->timestamp_ms;alias_exact:ldr_value->ldr_value;match_expected:voltage->voltage;match_expected:resistance->resistance;alias_exact:ambient_light->ambient_light;no_map:status;predict_ok
light,0,2025-11-25 05:16:08,415.01,1.975,9914.07,105.0,,detected:light;fuzzy_syn:timestamp->timestamp_ms;alias_exact:ldr_value->ldr_value;match_expected:voltage->voltage;match_expected:resistance->resistance;alias_exact:ambient_light->ambient_light;no_map:status;predict_ok
light,0,2025-11-25 05:12:34,646.76,3.269,4452.61,333.1,,detected:light;fuzzy_syn:timestamp->timestamp_ms;alias_exact:ldr_value->ldr_value;match_expected:voltage->voltage;match_expected:resistance->resistance;alias_exact:ambient_light->ambient_light;no_map:status;predict_ok
light,1,2025-11-25 05:13:40,625.62,3.408,4834.52,314.4,,detected:light;fuzzy_syn:timestamp->timestamp_ms;alias_exact:ldr_value->ldr_value;match_expected:voltage->voltage;match_expected:resistance->resistance;alias_exact:ambient_light->ambient_light;no_map:status;predict_ok
light,0,2025-11-25 05:16:22,407.17,1.776,11712.81,86.2,,detected:light;fuzzy_syn:timestamp->timestamp_ms;alias_exact:ldr_value->ldr_value;match_expected:voltage->voltage;match_expected:resistance->resistance;alias_exact:ambient_light->ambient_light;no_map:status;predict_ok
light,0,2025-11-25 05:15:42,221.68,1.935,11341.27,154.6,,detected:light;fuzzy_syn:timestamp->timestamp_ms;alias_exact:ldr_value->ldr_value;match_expected:voltage->voltage;match_expected:resistance->resistance;alias_exact:ambient_light->ambient_light;no_map:status;predict_ok
light,1,2025-11-25 05:12:36,739.49,3.328,5251.51,293.0,,detected:light;fuzzy_syn:timestamp->timestamp_ms;alias_exact:ldr_value->ldr_value;match_expected:voltage->voltage;match_expected:resistance->resistance;alias_exact:ambient_light->ambient_light;no_map:status;predict_ok
light,0,2025-11-25 05:15:02,273.26,2.689,10518.4,193.1,,detected:light;fuzzy_syn:timestamp->timestamp_ms;alias_exact:ldr_value->ldr_value;match_expected:voltage->voltage;match_expected:resistance->resistance;alias_exact:ambient_light->ambient_light;no_map:status;predict_ok
light,0,2025-11-25 05:15:04,364.19,1.616,11343.4,76.9,,detected:light;fuzzy_syn:timestamp->timestamp_ms;alias_exact:ldr_value->ldr_value;match_expected:voltage->voltage;match_expected:resistance->resistance;alias_exact:ambient_light->ambient_light;no_map:status;predict_ok
light,0,2025-11-25 05:14:12,719.53,3.274,5793.69,397.9,,detected:light;fuzzy_syn:timestamp->timestamp_ms;alias_exact:ldr_value->ldr_value;match_expected:voltage->voltage;match_expected:resistance->resistance;alias_exact:ambient_light->ambient_light;no_map:status;predict_ok
light,0,2025-11-25 05:13:00,759.82,3.022,5403.58,340.3,,detected:light;fuzzy_syn:timestamp->timestamp_ms;alias_exact:ldr_value->ldr_value;match_expected:voltage->voltage;match_expected:resistance->resistance;alias_exact:ambient_light->ambient_light;no_map:status;predict_ok
light,0,2025-11-25 05:17:00,393.0,2.46,11828.17,170.2,,detected:light;fuzzy_syn:timestamp->timestamp_ms;alias_exact:ldr_value->ldr_value;match_expected:voltage->voltage;match_expected:resistance->resistance;alias_exact:ambient_light->ambient_light;no_map:status;predict_ok
light,0,2025-11-25 05:12:24,743.41,3.156,4047.27,352.4,,detected:light;fuzzy_syn:timestamp->timestamp_ms;alias_exact:ldr_value->ldr_value;match_expected:voltage->voltage;match_expected:resistance->resistance;alias_exact:ambient_light->ambient_light;no_map:status;predict_ok
light,0,2025-11-25 05:17:08,462.02,1.927,10631.89,131.8,,detected:light;fuzzy_syn:timestamp->timestamp_ms;alias_exact:ldr_value->ldr_value;match_expected:voltage->voltage;match_expected:resistance->resistance;alias_exact:ambient_light->ambient_light;no_map:status;predict_ok
light,0,2025-11-25 05:14:16,692.11,3.139,4060.57,396.6,,detected:light;fuzzy_syn:timestamp->timestamp_ms;alias_exact:ldr_value->ldr_value;match_expected:voltage->voltage;match_expected:resistance->resistance;alias_exact:ambient_light->ambient_light;no_map:status;predict_ok
light,0,2025-11-25 05:13:08,653.64,3.023,4013.61,328.0,,detected:light;fuzzy_syn:timestamp->timestamp_ms;alias_exact:ldr_value->ldr_value;match_expected:voltage->voltage;match_expected:resistance->resistance;alias_exact:ambient_light->ambient_light;no_map:status;predict_ok
light,1,2025-11-25 05:13:54,618.82,3.108,5113.74,328.4,,detected:light;fuzzy_syn:timestamp->timestamp_ms;alias_exact:ldr_value->ldr_value;match_expected:voltage->voltage;match_expected:resistance->resistance;alias_exact:ambient_light->ambient_light;no_map:status;predict_ok
light,1,2025-11-25 05:11:34,695.83,3.092,4433.08,278.5,,detected:light;fuzzy_syn:timestamp->timestamp_ms;alias_exact:ldr_value->ldr_value;match_expected:voltage->voltage;match_expected:resistance->resistance;alias_exact:ambient_light->ambient_light;no_map:status;predict_ok
light,1,2025-11-25 05:12:38,650.28,3.21,5131.71,289.1,,detected:light;fuzzy_syn:timestamp->timestamp_ms;alias_exact:ldr_value->ldr_value;match_expected:voltage->voltage;match_expected:resistance->resistance;alias_exact:ambient_light->ambient_light;no_map:status;predict_ok
light,0,2025-11-25 05:16:02,387.43,1.777,7879.02,154.8,,detected:light;fuzzy_syn:timestamp->timestamp_ms;alias_exact:ldr_value->ldr_value;match_expected:voltage->voltage;match_expected:resistance->resistance;alias_exact:ambient_light->ambient_light;no_map:status;predict_ok
light,0,2025-11-25 05:11:48,760.64,3.064,4060.57,355.9,,detected:light;fuzzy_syn:timestamp->timestamp_ms;alias_exact:ldr_value->ldr_value;match_expected:voltage->voltage;match_expected:resistance->resistance;alias_exact:ambient_light->ambient_light;no_map:status;predict_ok
light,0,2025-11-25 05:11:18,740.12,3.346,4796.26,349.2,,detected:light;fuzzy_syn:timestamp->timestamp_ms;alias_exact:ldr_value->ldr_value;match_expected:voltage->voltage;match_expected:resistance->resistance;alias_exact:ambient_light->ambient_light;no_map:status;predict_ok
light,1,2025-11-25 05:13:28,677.51,3.334,4808.72,265.6,,detected:light;fuzzy_syn:timestamp->timestamp_ms;alias_exact:ldr_value->ldr_value;match_expected:voltage->voltage;match_expected:resistance->resistance;alias_exact:ambient_light->ambient_light;no_map:status;predict_ok
light,1,2025-11-25 05:14:28,680.01,3.147,4238.61,302.8,,detected:light;fuzzy_syn:timestamp->timestamp_ms;alias_exact:ldr_value->ldr_value;match_expected:voltage->voltage;match_expected:resistance->resistance;alias_exact:ambient_light->ambient_light;no_map:status;predict_ok
light,0,2025-11-25 05:16:28,217.41,1.694,11357.32,190.1,,detected:light;fuzzy_syn:timestamp->timestamp_ms;alias_exact:ldr_value->ldr_value;match_expected:voltage->voltage;match_expected:resistance->resistance;alias_exact:ambient_light->ambient_light;no_map:status;predict_ok
light,0,2025-11-25 05:15:28,469.74,2.0,10893.49,59.8,,detected:light;fuzzy_syn:timestamp->timestamp_ms;alias_exact:ldr_value->ldr_value;match_expected:voltage->voltage;match_expected:resistance->resistance;alias_exact:ambient_light->ambient_light;no_map:status;predict_ok
light,0,2025-11-25 05:16:06,368.44,2.474,8180.26,155.0,,detected:light;fuzzy_syn:timestamp->timestamp_ms;alias_exact:ldr_value->ldr_value;match_expected:voltage->voltage;match_expected:resistance->resistance;alias_exact:ambient_light->ambient_light;no_map:status;predict_ok
light,0,2025-11-25 05:11:32,728.78,3.171,5631.71,367.1,,detected:light;fuzzy_syn:timestamp->timestamp_ms;alias_exact:ldr_value->ldr_value;match_expected:voltage->voltage;match_expected:resistance->resistance;alias_exact:ambient_light->ambient_light;no_map:status;predict_ok
light,0,2025-11-25 05:12:16,626.28,3.29,4557.16,259.0,,detected:light;fuzzy_syn:timestamp->timestamp_ms;alias_exact:ldr_value->ldr_value;match_expected:voltage->voltage;match_expected:resistance->resistance;alias_exact:ambient_light->ambient_light;no_map:status;predict_ok
light,1,2025-11-25 05:14:24,727.21,3.132,5644.31,325.3,,detected:light;fuzzy_syn:timestamp->timestamp_ms;alias_exact:ldr_value->ldr_value;match_expected:voltage->voltage;match_expected:resistance->resistance;alias_exact:ambient_light->ambient_light;no_map:status;predict_ok
light,1,2025-11-25 05:13:42,755.71,3.126,4198.23,264.6,,detected:light;fuzzy_syn:timestamp->timestamp_ms;alias_exact:ldr_value->ldr_value;match_expected:voltage->voltage;match_expected:resistance->resistance;alias_exact:ambient_light->ambient_light;no_map:status;predict_ok
light,0,2025-11-25 05:16:26,409.95,2.293,9989.21,131.2,,detected:light;fuzzy_syn:timestamp->timestamp_ms;alias_exact:ldr_value->ldr_value;match_expected:voltage->voltage;match_expected:resistance->resistance;alias_exact:ambient_light->ambient_light;no_map:status;predict_ok
light,1,2025-11-25 05:13:50,689.17,3.579,5396.77,335.3,,detected:light;fuzzy_syn:timestamp->timestamp_ms;alias_exact:ldr_value->ldr_value;match_expected:voltage->voltage;match_expected:resistance->resistance;alias_exact:ambient_light->ambient_light;no_map:status;predict_ok
light,0,2025-11-25 05:14:06,784.16,3.218,5596.17,271.4,,detected:light;fuzzy_syn:timestamp->timestamp_ms;alias_exact:ldr_value->ldr_value;match_expected:voltage->voltage;match_expected:resistance->resistance;alias_exact:ambient_light->ambient_light;no_map:status;predict_ok
light,1,2025-11-25 05:13:22,736.18,3.213,4580.36,279.6,,detected:light;fuzzy_syn:timestamp->timestamp_ms;alias_exact:ldr_value->ldr_value;match_expected:voltage->voltage;match_expected:resistance->resistance;alias_exact:ambient_light->ambient_light;no_map:status;predict_ok
light,0,2025-11-25 05:15:26,424.17,2.575,10798.7,171.1,,detected:light;fuzzy_syn:timestamp->timestamp_ms;alias_exact:ldr_value->ldr_value;match_expected:voltage->voltage;match_expected:resistance->resistance;alias_exact:ambient_light->ambient_light;no_map:status;predict_ok
light,0,2025-11-25 05:15:58,436.16,1.85,11263.01,95.5,,detected:light;fuzzy_syn:timestamp->timestamp_ms;alias_exact:ldr_value->ldr_value;match_expected:voltage->voltage;match_expected:resistance->resistance;alias_exact:ambient_light->ambient_light;no_map:status;predict_ok
light,0,2025-11-25 05:13:12,633.16,3.426,4466.22,276.7,,detected:light;fuzzy_syn:timestamp->timestamp_ms;alias_exact:ldr_value->ldr_value;match_expected:voltage->voltage;match_expected:resistance->resistance;alias_exact:ambient_light->ambient_light;no_map:status;predict_ok
light,0,2025-11-25 05:12:22,726.75,3.307,4597.43,338.1,,detected:light;fuzzy_syn:timestamp->timestamp_ms;alias_exact:ldr_value->ldr_value;match_expected:voltage->voltage;match_expected:resistance->resistance;alias_exact:ambient_light->ambient_light;no_map:status;predict_ok
light,1,2025-11-25 05:12:44,622.26,3.232,4924.02,306.9,,detected:light;fuzzy_syn:timestamp->timestamp_ms;alias_exact:ldr_value->ldr_value;match_expected:voltage->voltage;match_expected:resistance->resistance;alias_exact:ambient_light->ambient_light;no_map:status;predict_ok
light,1,2025-11-25 05:11:06,702.49,3.25,5948.67,310.8,,detected:light;fuzzy_syn:timestamp->timestamp_ms;alias_exact:ldr_value->ldr_value;match_expected:voltage->voltage;match_expected:resistance->resistance;alias_exact:ambient_light->ambient_light;no_map:status;predict_ok
light,0,2025-11-25 05:17:20,492.0,2.774,9555.46,123.7,,detected:light;fuzzy_syn:timestamp->timestamp_ms;alias_exact:ldr_value->ldr_value;match_expected:voltage->voltage;match_expected:resistance->resistance;alias_exact:ambient_light->ambient_light;no_map:status;predict_ok
light,0,2025-11-25 05:15:34,223.07,2.591,7701.28,137.3,,detected:light;fuzzy_syn:timestamp->timestamp_ms;alias_exact:ldr_value->ldr_value;match_expected:voltage->voltage;match_expected:resistance->resistance;alias_exact:ambient_light->ambient_light;no_map:status;predict_ok
light,0,2025-11-25 05:12:14,652.15,3.346,4484.57,311.1,,detected:light;fuzzy_syn:timestamp->timestamp_ms;alias_exact:ldr_value->ldr_value;match_expected:voltage->voltage;match_expected:resistance->resistance;alias_exact:ambient_light->ambient_light;no_map:status;predict_ok
light,0,2025-11-25 05:15:56,496.27,2.376,11203.11,119.6,,detected:light;fuzzy_syn:timestamp->timestamp_ms;alias_exact:ldr_value->ldr_value;match_expected:voltage->voltage;match_expected:resistance->resistance;alias_exact:ambient_light->ambient_light;no_map:status;predict_ok
light,0,2025-11-25 05:12:26,730.42,3.261,4779.74,298.7,,detected:light;fuzzy_syn:timestamp->timestamp_ms;alias_exact:ldr_value->ldr_value;match_expected:voltage->voltage;match_expected:resistance->resistance;alias_exact:ambient_light->ambient_light;no_map:status;predict_ok
light,0,2025-11-25 05:13:10,699.95,3.528,4861.07,250.3,,detected:light;fuzzy_syn:timestamp->timestamp_ms;alias_exact:ldr_value->ldr_value;match_expected:voltage->voltage;match_expected:resistance->resistance;alias_exact:ambient_light->ambient_light;no_map:status;predict_ok
light,0,2025-11-25 05:11:46,779.63,3.397,5822.71,361.7,,detected:light;fuzzy_syn:timestamp->timestamp_ms;alias_exact:ldr_value->ldr_value;match_expected:voltage->voltage;match_expected:resistance->resistance;alias_exact:ambient_light->ambient_light;no_map:status;predict_ok
light,0,2025-11-25 05:14:20,761.76,3.056,5032.66,384.5,,detected:light;fuzzy_syn:timestamp->timestamp_ms;alias_exact:ldr_value->ldr_value;match_expected:voltage->voltage;match_expected:resistance->resistance;alias_exact:ambient_light->ambient_light;no_map:status;predict_ok
light,0,2025-11-25 05:11:28,645.69,3.509,4353.27,301.7,,detected:light;fuzzy_syn:timestamp->timestamp_ms;alias_exact:ldr_value->ldr_value;match_expected:voltage->voltage;match_expected:resistance->resistance;alias_exact:ambient_light->ambient_light;no_map:status;predict_ok
light,0,2025-11-25 05:12:56,772.55,3.489,5494.79,341.3,,detected:light;fuzzy_syn:timestamp->timestamp_ms;alias_exact:ldr_value->ldr_value;match_expected:voltage->voltage;match_expected:resistance->resistance;alias_exact:ambient_light->ambient_light;no_map:status;predict_ok
light,1,2025-11-25 05:14:32,722.17,3.071,5481.38,317.3,,detected:light;fuzzy_syn:timestamp->timestamp_ms;alias_exact:ldr_value->ldr_value;match_expected:voltage->voltage;match_expected:resistance->resistance;alias_exact:ambient_light->ambient_light;no_map:status;predict_ok
light,0,2025-11-25 05:15:38,369.88,2.027,10439.55,130.6,,detected:light;fuzzy_syn:timestamp->timestamp_ms;alias_exact:ldr_value->ldr_value;match_expected:voltage->voltage;match_expected:resistance->resistance;alias_exact:ambient_light->ambient_light;no_map:status;predict_ok
light,0,2025-11-25 05:15:18,306.4,1.608,7907.9,84.6,,detected:light;fuzzy_syn:timestamp->timestamp_ms;alias_exact:ldr_value->ldr_value;match_expected:voltage->voltage;match_expected:resistance->resistance;alias_exact:ambient_light->ambient_light;no_map:status;predict_ok
light,1,2025-11-25 05:12:20,676.93,3.539,5945.13,266.0,,detected:light;fuzzy_syn:timestamp->timestamp_ms;alias_exact:ldr_value->ldr_value;match_expected:voltage->voltage;match_expected:resistance->resistance;alias_exact:ambient_light->ambient_light;no_map:status;predict_ok
light,0,2025-11-25 05:13:14,791.21,3.378,4809.6,258.4,,detected:light;fuzzy_syn:timestamp->timestamp_ms;alias_exact:ldr_value->ldr_value;match_expected:voltage->voltage;match_expected:resistance->resistance;alias_exact:ambient_light->ambient_light;no_map:status;predict_ok
light,0,2025-11-25 05:16:14,217.64,1.852,9944.95,58.3,,detected:light;fuzzy_syn:timestamp->timestamp_ms;alias_exact:ldr_value->ldr_value;match_expected:voltage->voltage;match_expected:resistance->resistance;alias_exact:ambient_light->ambient_light;no_map:status;predict_ok
light,0,2025-11-25 05:13:56,733.86,3.015,5599.45,277.6,,detected:light;fuzzy_syn:timestamp->timestamp_ms;alias_exact:ldr_value->ldr_value;match_expected:voltage->voltage;match_expected:resistance->resistance;alias_exact:ambient_light->ambient_light;no_map:status;predict_ok
light,0,2025-11-25 05:13:16,612.07,3.233,4728.72,355.6,,detected:light;fuzzy_syn:timestamp->timestamp_ms;alias_exact:ldr_value->ldr_value;match_expected:voltage->voltage;match_expected:resistance->resistance;alias_exact:ambient_light->ambient_light;no_map:status;predict_ok
light,1,2025-11-25 05:14:40,701.4,3.541,5326.44,276.7,,detected:light;fuzzy_syn:timestamp->timestamp_ms;alias_exact:ldr_value->ldr_value;match_expected:voltage->voltage;match_expected:resistance->resistance;alias_exact:ambient_light->ambient_light;no_map:status;predict_ok
light,0,2025-11-25 05:14:58,689.93,3.056,5282.11,372.5,,detected:light;fuzzy_syn:timestamp->timestamp_ms;alias_exact:ldr_value->ldr_value;match_expected:voltage->voltage;match_expected:resistance->resistance;alias_exact:ambient_light->ambient_light;no_map:status;predict_ok
light,1,2025-11-25 05:11:24,707.73,3.521,5194.77,300.1,,detected:light;fuzzy_syn:timestamp->timestamp_ms;alias_exact:ldr_value->ldr_value;match_expected:voltage->voltage;match_expected:resistance->resistance;alias_exact:ambient_light->ambient_light;no_map:status;predict_ok
light,0,2025-11-25 05:17:06,403.86,2.532,7501.22,148.9,,detected:light;fuzzy_syn:timestamp->timestamp_ms;alias_exact:ldr_value->ldr_value;match_expected:voltage->voltage;match_expected:resistance->resistance;alias_exact:ambient_light->ambient_light;no_map:status;predict_ok
